2026-03-30_17-55-41,---,draft.go:2026-03-30_17-55-41
2026-03-30_19-43-20,0,draft.go:2026-03-30_19-43-20
2026-03-30_19-43-21,0,draft.go:2026-03-30_19-43-20
2026-03-30_19-43-24,0,draft.go:2026-03-30_19-43-20
2026-03-30_19-44-00,0,draft.go:2026-03-30_19-44-00
2026-03-30_19-44-02,0,draft.go:2026-03-30_19-44-00
2026-03-30_19-44-09,0,draft.go:2026-03-30_19-44-00
2026-03-30_19-44-10,0,draft.go:2026-03-30_19-44-00
2026-03-30_19-44-17,0,draft.go:2026-03-30_19-44-00
2026-03-30_19-44-17,0,draft.go:2026-03-30_19-44-00
2026-03-30_19-44-20,---,draft.go:2026-03-30_19-44-00
2026-03-30_19-50-33,0,draft.go:2026-03-30_19-50-33
2026-03-30_19-50-35,0,draft.go:2026-03-30_19-50-33
2026-03-30_19-50-48,0,draft.go:2026-03-30_19-50-48
2026-03-30_20-36-38,0,draft.go:2026-03-30_20-36-38
2026-03-30_20-36-38,0,draft.go:2026-03-30_20-36-38
2026-03-30_20-36-39,0,draft.go:2026-03-30_20-36-39
2026-03-30_20-40-26,0,draft.go:2026-03-30_20-40-26
2026-03-30_20-42-00,0,draft.go:2026-03-30_20-40-26
2026-03-30_20-42-03,0,draft.go:2026-03-30_20-40-26
2026-03-30_20-42-03,---,draft.go:2026-03-30_20-40-26
2026-03-30_20-43-06,0,draft.go:2026-03-30_20-43-06
2026-03-30_20-44-24,0,draft.go:2026-03-30_20-44-24
2026-03-30_20-44-46,0,draft.go:2026-03-30_20-44-46
2026-03-30_20-45-20,0,draft.go:2026-03-30_20-45-20
2026-03-30_20-45-33,0,draft.go:2026-03-30_20-45-33
2026-03-30_20-45-40,0,draft.go:2026-03-30_20-45-40
2026-03-30_20-45-42,0,draft.go:2026-03-30_20-45-40
2026-03-30_20-45-56,0,draft.go:2026-03-30_20-45-56
2026-03-30_20-46-04,0,draft.go:2026-03-30_20-45-56
2026-03-30_20-46-19,100,draft.go:2026-03-30_20-46-19
2026-03-30_20-47-37,0,draft.go:2026-03-30_20-47-37
2026-03-30_20-47-39,0,draft.go:2026-03-30_20-47-37
2026-03-30_20-47-58,100,draft.go:2026-03-30_20-47-58
2026-03-30_20-48-04,---,draft.go:2026-03-30_20-47-58
2026-03-31_02-13-34,100,draft.go:2026-03-30_20-47-58
2026-03-31_11-25-57,100,draft.go:2026-03-30_20-47-58
2026-03-31_11-25-58,---,draft.go:2026-03-30_20-47-58
2026-03-31_11-30-39,100,draft.go:2026-03-30_20-47-58
