2026-06-08_23-54-48,0,shell.go:2026-06-08_23-54-48
2026-06-09_00-01-49,0,shell.go:2026-06-08_23-54-48
2026-06-09_00-02-51,0,shell.go:2026-06-09_00-02-51
2026-06-09_00-03-31,0,shell.go:2026-06-09_00-03-31
2026-06-09_00-27-00,0,shell.go:2026-06-09_00-27-00
2026-06-09_00-27-36,12,shell.go:2026-06-09_00-27-36
2026-06-09_00-28-34,12,shell.go:2026-06-09_00-27-36
2026-06-09_00-28-58,12,shell.go:2026-06-09_00-27-36
2026-06-09_00-29-55,12,shell.go:2026-06-09_00-29-55
2026-06-09_00-30-05,12,shell.go:2026-06-09_00-30-05
2026-06-09_00-30-29,12,shell.go:2026-06-09_00-30-29
2026-06-09_00-32-53,12,shell.go:2026-06-09_00-32-53
2026-06-09_00-38-02,25,shell.go:2026-06-09_00-38-02
2026-06-09_00-38-10,25,shell.go:2026-06-09_00-38-02
2026-06-09_00-38-55,25,shell.go:2026-06-09_00-38-02
2026-06-09_00-41-16,25,shell.go:2026-06-09_00-38-02
2026-06-09_00-41-41,25,shell.go:2026-06-09_00-41-41
2026-06-09_00-47-46,37,shell.go:2026-06-09_00-47-46
2026-06-09_00-48-30,37,shell.go:2026-06-09_00-47-46
2026-06-09_00-49-13,37,shell.go:2026-06-09_00-47-46
2026-06-09_00-57-11,50,shell.go:2026-06-09_00-57-11
2026-06-09_01-00-22,50,shell.go:2026-06-09_01-00-22
2026-06-09_01-01-14,50,shell.go:2026-06-09_01-00-22
2026-06-09_01-01-39,50,shell.go:2026-06-09_01-01-39
2026-06-09_01-03-03,50,shell.go:2026-06-09_01-01-39
2026-06-09_01-07-34,62,shell.go:2026-06-09_01-07-34
2026-06-09_01-08-55,62,shell.go:2026-06-09_01-07-34
2026-06-09_01-11-05,62,shell.go:2026-06-09_01-07-34
2026-06-09_01-18-18,62,shell.go:2026-06-09_01-18-18
2026-06-09_01-18-46,62,shell.go:2026-06-09_01-18-46
2026-06-09_01-23-58,75,shell.go:2026-06-09_01-23-58
2026-06-09_01-24-04,75,shell.go:2026-06-09_01-23-58
2026-06-09_23-58-16,75,shell.go:2026-06-09_01-23-58
2026-06-10_00-08-19,87,shell.go:2026-06-10_00-08-19
2026-06-10_00-08-44,87,shell.go:2026-06-10_00-08-19
2026-06-10_00-08-46,87,shell.go:2026-06-10_00-08-19
2026-06-10_00-09-25,87,shell.go:2026-06-10_00-08-19
2026-06-10_00-11-24,87,shell.go:2026-06-10_00-11-24
2026-06-10_00-26-07,100,shell.go:2026-06-10_00-26-07
2026-06-10_00-26-28,100,shell.go:2026-06-10_00-26-07
2026-06-10_00-26-55,100,shell.go:2026-06-10_00-26-07
2026-06-10_00-27-01,100,shell.go:2026-06-10_00-26-07
