2026-03-17_14-20-52,0,draft.go:2026-03-17_14-20-52
2026-03-17_14-32-05,0,draft.go:2026-03-17_14-32-05
2026-03-17_14-39-24,0,draft.go:2026-03-17_14-32-05
2026-03-18_13-29-00,---,draft.go:2026-03-18_13-29-00
2026-03-18_13-35-35,0,draft.go:2026-03-18_13-35-35
2026-03-18_13-46-00,---,draft.go:2026-03-18_13-46-00
2026-03-23_01-56-23,0,draft.go:2026-03-18_13-46-00
2026-03-23_02-09-42,0,draft.go:2026-03-23_02-09-42
2026-03-23_02-12-00,0,draft.go:2026-03-23_02-12-00
2026-03-23_02-13-08,0,draft.go:2026-03-23_02-13-08
2026-03-23_02-13-55,0,draft.go:2026-03-23_02-13-55
2026-03-23_02-15-16,0,draft.go:2026-03-23_02-15-16
2026-03-23_02-15-45,0,draft.go:2026-03-23_02-15-45
2026-03-23_02-15-56,0,draft.go:2026-03-23_02-15-56
2026-03-23_02-16-20,0,draft.go:2026-03-23_02-16-20
2026-03-23_02-16-40,0,draft.go:2026-03-23_02-16-40
2026-03-23_02-16-46,0,draft.go:2026-03-23_02-16-46
2026-03-23_02-19-54,0,draft.go:2026-03-23_02-19-54
2026-03-23_02-20-11,50,draft.go:2026-03-23_02-20-11
2026-03-23_02-21-15,0,draft.go:2026-03-23_02-21-15
2026-03-23_02-21-30,50,draft.go:2026-03-23_02-21-30
2026-03-23_02-21-38,75,draft.go:2026-03-23_02-21-38
2026-03-23_02-22-09,75,draft.go:2026-03-23_02-22-09
2026-03-23_02-22-34,50,draft.go:2026-03-23_02-22-34
2026-03-23_02-22-56,50,draft.go:2026-03-23_02-22-56
2026-03-23_02-23-06,100,draft.go:2026-03-23_02-23-06
