2026-05-19_01-33-24,0,dlist.go:2026-05-19_01-33-24;main.go:2026-05-19_01-33-24
2026-05-19_01-34-10,---,dlist.go:2026-05-19_01-33-24;main.go:2026-05-19_01-33-24
2026-05-19_01-34-14,0,dlist.go:2026-05-19_01-33-24;main.go:2026-05-19_01-33-24
2026-05-19_01-34-16,0,dlist.go:2026-05-19_01-33-24;main.go:2026-05-19_01-33-24
2026-05-19_01-34-24,0,dlist.go:2026-05-19_01-33-24;main.go:2026-05-19_01-34-24
2026-06-10_23-01-38,0,dlist.go:2026-05-19_01-33-24;main.go:2026-05-19_01-34-24
2026-06-10_23-01-41,0,dlist.go:2026-05-19_01-33-24;main.go:2026-05-19_01-34-24
2026-07-06_02-19-44,0,dlist.go:2026-05-19_01-33-24;main.go:2026-05-19_01-34-24
2026-07-06_02-19-54,0,dlist.go:2026-05-19_01-33-24;main.go:2026-05-19_01-34-24
2026-07-06_02-25-42,0,dlist.go:2026-05-19_01-33-24;main.go:2026-05-19_01-34-24
