2026-05-20_12-16-34,0,draft.go:2026-05-20_12-16-34
2026-06-10_00-35-16,0,draft.go:2026-06-10_00-35-16
2026-06-10_00-35-20,0,draft.go:2026-06-10_00-35-16
2026-06-10_00-35-22,0,draft.go:2026-06-10_00-35-16
2026-06-10_00-35-23,---,draft.go:2026-06-10_00-35-16
2026-06-10_00-36-10,0,draft.go:2026-06-10_00-36-10
2026-06-10_00-41-53,---,draft.go:2026-06-10_00-41-53
2026-06-10_00-54-46,0,draft.go:2026-06-10_00-54-46
2026-06-10_01-00-38,0,draft.go:2026-06-10_01-00-38
2026-06-10_01-03-46,0,draft.go:2026-06-10_01-00-38
2026-06-10_01-07-39,0,draft.go:2026-06-10_01-07-39
2026-06-10_01-09-45,0,draft.go:2026-06-10_01-09-45
2026-06-10_01-12-28,0,draft.go:2026-06-10_01-12-28
2026-06-10_01-12-51,0,draft.go:2026-06-10_01-12-51
2026-06-10_01-13-25,0,draft.go:2026-06-10_01-13-25
2026-06-10_01-13-50,0,draft.go:2026-06-10_01-13-50
2026-06-10_01-14-59,100,draft.go:2026-06-10_01-14-59
2026-06-10_01-15-13,75,draft.go:2026-06-10_01-15-13
2026-06-10_01-15-31,100,draft.go:2026-06-10_01-15-31
2026-06-10_01-16-48,100,draft.go:2026-06-10_01-15-31
2026-06-10_01-17-29,100,draft.go:2026-06-10_01-15-31
2026-06-10_01-21-16,100,draft.go:2026-06-10_01-15-31
