2026-04-06_01-30-42,0,main.go:2026-04-06_01-30-42
2026-04-06_01-37-06,14,main.go:2026-04-06_01-37-06
2026-04-06_01-37-23,14,main.go:2026-04-06_01-37-06
2026-04-06_01-37-23,14,main.go:2026-04-06_01-37-06
2026-04-06_01-37-25,14,main.go:2026-04-06_01-37-06
2026-04-06_01-37-28,14,main.go:2026-04-06_01-37-06
2026-04-06_01-39-14,14,main.go:2026-04-06_01-39-14
2026-04-06_01-40-33,14,main.go:2026-04-06_01-40-33
2026-04-06_01-41-05,14,main.go:2026-04-06_01-41-05
2026-04-06_01-42-12,14,main.go:2026-04-06_01-42-12
2026-04-06_01-42-37,14,main.go:2026-04-06_01-42-37
2026-04-06_01-43-16,100,main.go:2026-04-06_01-43-16
2026-04-06_01-43-27,---,main.go:2026-04-06_01-43-16
2026-04-06_01-43-32,100,main.go:2026-04-06_01-43-16
2026-04-06_01-43-33,100,main.go:2026-04-06_01-43-16
2026-04-06_01-43-36,100,main.go:2026-04-06_01-43-16
2026-04-06_01-44-08,100,main.go:2026-04-06_01-43-16
2026-04-06_01-44-09,100,main.go:2026-04-06_01-43-16
2026-04-06_01-44-10,100,main.go:2026-04-06_01-43-16
2026-04-06_01-44-16,100,main.go:2026-04-06_01-43-16
2026-04-06_01-44-45,100,main.go:2026-04-06_01-43-16
2026-04-06_01-44-46,100,main.go:2026-04-06_01-43-16
2026-04-06_01-47-27,42,main.go:2026-04-06_01-47-27
2026-04-06_01-48-05,100,main.go:2026-04-06_01-48-05
2026-04-06_01-48-09,100,main.go:2026-04-06_01-48-05
2026-04-06_01-52-14,100,main.go:2026-04-06_01-48-05
2026-04-06_01-53-02,0,main.go:2026-04-06_01-53-02
2026-04-06_01-53-19,100,main.go:2026-04-06_01-53-19
2026-04-06_01-56-33,100,main.go:2026-04-06_01-56-33
2026-04-06_02-27-43,100,main.go:2026-04-06_01-56-33
2026-04-06_02-27-44,100,main.go:2026-04-06_01-56-33
2026-04-06_02-28-08,100,main.go:2026-04-06_01-56-33
2026-04-06_02-28-20,100,main.go:2026-04-06_01-56-33
