2026-03-16_01-09-12,0,draft.go:2026-03-16_01-09-12
2026-03-16_01-10-05,0,draft.go:2026-03-16_01-10-05
2026-03-16_01-10-07,0,draft.go:2026-03-16_01-10-05
2026-03-16_01-11-39,0,draft.go:2026-03-16_01-11-39
2026-03-16_01-11-58,0,draft.go:2026-03-16_01-11-58
2026-03-16_01-12-05,0,draft.go:2026-03-16_01-12-05
2026-03-16_01-12-07,0,draft.go:2026-03-16_01-12-05
2026-03-16_01-12-35,0,draft.go:2026-03-16_01-12-35
2026-03-16_01-12-58,100,draft.go:2026-03-16_01-12-58
2026-03-16_01-13-01,100,draft.go:2026-03-16_01-12-58
2026-03-16_01-13-15,---,draft.go:2026-03-16_01-12-58
2026-03-17_13-38-08,100,draft.go:2026-03-16_01-12-58
