2026-03-17_01-32-06,0,draft.go:2026-03-17_01-32-06
2026-03-17_02-22-43,0,draft.go:2026-03-17_02-22-43
2026-03-17_02-22-45,0,draft.go:2026-03-17_02-22-43
2026-03-17_02-23-03,---,draft.go:2026-03-17_02-23-03
2026-03-17_02-23-46,0,draft.go:2026-03-17_02-23-46
2026-03-17_02-23-46,---,draft.go:2026-03-17_02-23-46
2026-03-17_02-27-16,0,draft.go:2026-03-17_02-27-16
2026-03-17_02-27-17,---,draft.go:2026-03-17_02-27-16
2026-03-17_11-16-15,0,draft.go:2026-03-17_11-16-15
2026-03-17_11-16-23,---,draft.go:2026-03-17_11-16-15
2026-03-17_11-16-43,0,draft.go:2026-03-17_11-16-15
2026-03-17_11-16-45,0,draft.go:2026-03-17_11-16-15
2026-03-17_11-16-51,0,draft.go:2026-03-17_11-16-15
2026-03-17_11-31-52,0,draft.go:2026-03-17_11-31-52
2026-03-17_11-34-14,0,draft.go:2026-03-17_11-34-14
2026-03-17_11-36-06,0,draft.go:2026-03-17_11-36-06
2026-03-17_11-36-13,0,draft.go:2026-03-17_11-36-13
2026-03-17_11-39-03,0,draft.go:2026-03-17_11-39-03
2026-03-17_11-41-27,0,draft.go:2026-03-17_11-41-27
2026-03-17_11-42-04,25,draft.go:2026-03-17_11-42-04
2026-03-17_11-48-56,25,draft.go:2026-03-17_11-48-56
2026-03-17_11-51-24,25,draft.go:2026-03-17_11-51-24
2026-03-17_11-55-51,0,draft.go:2026-03-17_11-55-51
2026-03-17_11-58-16,75,draft.go:2026-03-17_11-58-16
2026-03-17_11-59-15,0,draft.go:2026-03-17_11-59-15
2026-03-17_11-59-28,75,draft.go:2026-03-17_11-59-28
2026-03-17_12-00-13,100,draft.go:2026-03-17_12-00-13
2026-03-17_13-38-19,100,draft.go:2026-03-17_12-00-13
