2026-03-11_13-49-05,0,draft.go:2026-03-11_13-49-05
2026-03-11_13-49-06,0,draft.go:2026-03-11_13-49-05
2026-03-11_13-49-06,0,draft.go:2026-03-11_13-49-05
2026-03-11_13-49-06,0,draft.go:2026-03-11_13-49-05
2026-03-11_13-49-07,0,draft.go:2026-03-11_13-49-05
2026-03-11_13-49-07,0,draft.go:2026-03-11_13-49-05
2026-03-11_13-58-47,0,draft.go:2026-03-11_13-58-47
2026-03-11_13-58-49,0,draft.go:2026-03-11_13-58-47
2026-03-11_13-58-50,0,draft.go:2026-03-11_13-58-47
2026-03-11_13-58-54,0,draft.go:2026-03-11_13-58-47
2026-03-11_13-58-55,---,draft.go:2026-03-11_13-58-47
2026-03-11_14-01-15,---,draft.go:2026-03-11_14-01-15
2026-03-11_14-16-04,0,draft.go:2026-03-11_14-16-04
2026-03-11_14-17-40,0,draft.go:2026-03-11_14-16-04
2026-03-11_14-17-40,0,draft.go:2026-03-11_14-16-04
2026-03-11_14-17-41,---,draft.go:2026-03-11_14-16-04
2026-03-11_14-23-04,0,draft.go:2026-03-11_14-16-04
2026-03-11_14-23-51,100,draft.go:2026-03-11_14-23-51
2026-03-11_14-23-53,100,draft.go:2026-03-11_14-23-51
2026-03-11_14-23-54,100,draft.go:2026-03-11_14-23-51
2026-03-11_14-24-02,0,draft.go:2026-03-11_14-23-51
2026-03-11_14-24-02,0,draft.go:2026-03-11_14-23-51
2026-03-11_14-24-14,0,draft.go:2026-03-11_14-23-51
2026-03-11_14-24-15,0,draft.go:2026-03-11_14-23-51
2026-03-11_14-24-24,100,draft.go:2026-03-11_14-23-51
2026-03-11_14-24-26,100,draft.go:2026-03-11_14-23-51
2026-03-11_14-24-33,0,draft.go:2026-03-11_14-23-51
2026-03-11_14-24-40,100,draft.go:2026-03-11_14-23-51
2026-03-11_14-34-48,---,draft.go:2026-03-11_14-23-51
2026-03-11_14-34-59,100,draft.go:2026-03-11_14-23-51
