2026-03-17_13-49-57,0,draft.go:2026-03-17_13-49-57
2026-03-17_14-01-03,0,draft.go:2026-03-17_14-01-03
2026-03-17_14-01-12,---,draft.go:2026-03-17_14-01-03
2026-03-17_14-07-01,0,draft.go:2026-03-17_14-07-01
2026-03-17_14-07-03,0,draft.go:2026-03-17_14-07-01
2026-03-17_14-15-31,50,draft.go:2026-03-17_14-15-31
2026-03-17_14-16-01,50,draft.go:2026-03-17_14-16-01
2026-03-17_14-16-11,50,draft.go:2026-03-17_14-16-11
2026-03-17_14-16-40,100,draft.go:2026-03-17_14-16-40
2026-03-17_14-19-42,100,draft.go:2026-03-17_14-19-42
2026-03-17_14-19-43,100,draft.go:2026-03-17_14-19-42
