2026-04-06_01-30-04,0,main.go:2026-04-06_01-30-04;pen.go:2026-04-06_01-30-04
2026-04-06_01-30-06,0,main.go:2026-04-06_01-30-04;pen.go:2026-04-06_01-30-04
2026-04-06_01-30-10,0,main.go:2026-04-06_01-30-04;pen.go:2026-04-06_01-30-04
2026-04-06_01-30-11,0,main.go:2026-04-06_01-30-04;pen.go:2026-04-06_01-30-04
2026-04-06_01-30-12,0,main.go:2026-04-06_01-30-04;pen.go:2026-04-06_01-30-04
2026-04-06_01-30-13,---,main.go:2026-04-06_01-30-04;pen.go:2026-04-06_01-30-04
2026-04-08_14-07-32,0,main.go:2026-04-08_14-07-32;pen.go:2026-04-06_01-30-04
2026-04-08_14-07-38,0,main.go:2026-04-08_14-07-32;pen.go:2026-04-06_01-30-04
2026-04-08_14-07-40,0,main.go:2026-04-08_14-07-32;pen.go:2026-04-06_01-30-04
2026-04-08_14-07-42,0,main.go:2026-04-08_14-07-32;pen.go:2026-04-06_01-30-04
2026-04-08_14-07-43,0,main.go:2026-04-08_14-07-32;pen.go:2026-04-06_01-30-04
2026-04-08_14-07-44,0,main.go:2026-04-08_14-07-32;pen.go:2026-04-06_01-30-04
2026-04-08_14-07-45,0,main.go:2026-04-08_14-07-32;pen.go:2026-04-06_01-30-04
2026-04-08_14-07-56,0,main.go:2026-04-08_14-07-56;pen.go:2026-04-06_01-30-04
2026-04-08_14-08-11,0,main.go:2026-04-08_14-08-11;pen.go:2026-04-06_01-30-04
2026-04-08_14-08-17,0,main.go:2026-04-08_14-08-17;pen.go:2026-04-06_01-30-04
2026-04-08_14-08-25,0,main.go:2026-04-08_14-08-25;pen.go:2026-04-06_01-30-04
2026-04-08_14-08-33,0,main.go:2026-04-08_14-08-33;pen.go:2026-04-06_01-30-04
2026-04-08_14-08-39,0,main.go:2026-04-08_14-08-39;pen.go:2026-04-06_01-30-04
2026-04-08_14-09-19,0,main.go:2026-04-08_14-09-19;pen.go:2026-04-06_01-30-04
2026-04-08_14-10-12,0,main.go:2026-04-08_14-09-19;pen.go:2026-04-08_14-10-12
2026-04-08_14-10-15,0,main.go:2026-04-08_14-09-19;pen.go:2026-04-08_14-10-12
2026-04-08_14-10-24,0,main.go:2026-04-08_14-09-19;pen.go:2026-04-08_14-10-24
2026-04-08_14-11-06,0,main.go:2026-04-08_14-09-19;pen.go:2026-04-08_14-11-06
2026-04-08_14-11-26,0,main.go:2026-04-08_14-09-19;pen.go:2026-04-08_14-11-26
2026-04-08_14-11-43,0,main.go:2026-04-08_14-09-19;pen.go:2026-04-08_14-11-43
2026-04-08_14-12-03,0,main.go:2026-04-08_14-09-19;pen.go:2026-04-08_14-12-03
2026-04-08_14-12-21,0,main.go:2026-04-08_14-09-19;pen.go:2026-04-08_14-12-21
2026-04-08_14-12-27,0,main.go:2026-04-08_14-09-19;pen.go:2026-04-08_14-12-21
2026-04-08_14-17-49,0,main.go:2026-04-08_14-17-49;pen.go:2026-04-08_14-17-49
2026-04-08_14-17-56,0,main.go:2026-04-08_14-17-56;pen.go:2026-04-08_14-17-49
2026-04-08_14-18-50,0,main.go:2026-04-08_14-18-50;pen.go:2026-04-08_14-17-49
2026-04-08_14-19-35,0,main.go:2026-04-08_14-19-35;pen.go:2026-04-08_14-17-49
2026-04-08_14-19-43,0,main.go:2026-04-08_14-19-43;pen.go:2026-04-08_14-17-49
2026-04-08_14-20-35,0,main.go:2026-04-08_14-20-35;pen.go:2026-04-08_14-17-49
2026-04-08_14-20-46,0,main.go:2026-04-08_14-20-46;pen.go:2026-04-08_14-17-49
2026-04-08_14-20-49,0,main.go:2026-04-08_14-20-46;pen.go:2026-04-08_14-17-49
2026-04-08_14-21-00,0,main.go:2026-04-08_14-21-00;pen.go:2026-04-08_14-17-49
2026-04-08_14-21-10,0,main.go:2026-04-08_14-21-10;pen.go:2026-04-08_14-17-49
2026-04-08_14-21-18,0,main.go:2026-04-08_14-21-18;pen.go:2026-04-08_14-17-49
2026-04-08_14-21-30,0,main.go:2026-04-08_14-21-30;pen.go:2026-04-08_14-17-49
2026-04-08_14-21-36,0,main.go:2026-04-08_14-21-36;pen.go:2026-04-08_14-17-49
2026-04-08_14-21-43,0,main.go:2026-04-08_14-21-43;pen.go:2026-04-08_14-17-49
2026-04-08_14-22-53,0,main.go:2026-04-08_14-22-53;pen.go:2026-04-08_14-17-49
2026-04-08_14-24-08,0,main.go:2026-04-08_14-24-08;pen.go:2026-04-08_14-17-49
2026-04-08_14-24-13,0,main.go:2026-04-08_14-24-08;pen.go:2026-04-08_14-17-49
2026-04-08_14-24-53,0,main.go:2026-04-08_14-24-53;pen.go:2026-04-08_14-17-49
2026-04-08_14-25-09,0,main.go:2026-04-08_14-25-09;pen.go:2026-04-08_14-17-49
2026-04-08_14-25-11,0,main.go:2026-04-08_14-25-09;pen.go:2026-04-08_14-17-49
2026-04-08_14-25-47,0,main.go:2026-04-08_14-25-47;pen.go:2026-04-08_14-17-49
2026-04-08_14-25-49,0,main.go:2026-04-08_14-25-47;pen.go:2026-04-08_14-17-49
2026-04-08_14-26-01,0,main.go:2026-04-08_14-26-01;pen.go:2026-04-08_14-17-49
2026-04-08_14-26-13,0,main.go:2026-04-08_14-26-13;pen.go:2026-04-08_14-17-49
2026-04-08_14-26-27,0,main.go:2026-04-08_14-26-27;pen.go:2026-04-08_14-17-49
2026-04-08_14-28-27,0,main.go:2026-04-08_14-28-27;pen.go:2026-04-08_14-17-49
2026-04-08_14-28-35,0,main.go:2026-04-08_14-28-35;pen.go:2026-04-08_14-17-49
2026-04-08_14-28-55,0,main.go:2026-04-08_14-28-55;pen.go:2026-04-08_14-17-49
2026-04-08_14-29-23,0,main.go:2026-04-08_14-29-23;pen.go:2026-04-08_14-17-49
2026-04-08_14-29-33,0,main.go:2026-04-08_14-29-33;pen.go:2026-04-08_14-17-49
2026-04-08_14-29-39,0,main.go:2026-04-08_14-29-39;pen.go:2026-04-08_14-17-49
2026-04-08_14-29-45,0,main.go:2026-04-08_14-29-45;pen.go:2026-04-08_14-17-49
2026-04-08_14-29-58,0,main.go:2026-04-08_14-29-58;pen.go:2026-04-08_14-17-49
2026-04-08_14-30-23,0,main.go:2026-04-08_14-30-23;pen.go:2026-04-08_14-17-49
2026-04-08_14-31-00,0,main.go:2026-04-08_14-31-00;pen.go:2026-04-08_14-17-49
2026-04-08_14-31-13,0,main.go:2026-04-08_14-31-13;pen.go:2026-04-08_14-17-49
2026-04-08_14-32-54,0,main.go:2026-04-08_14-32-54;pen.go:2026-04-08_14-17-49
2026-04-08_14-33-09,0,main.go:2026-04-08_14-33-09;pen.go:2026-04-08_14-17-49
2026-04-08_14-34-50,0,main.go:2026-04-08_14-33-09;pen.go:2026-04-08_14-34-50
2026-04-08_14-35-38,0,main.go:2026-04-08_14-35-38;pen.go:2026-04-08_14-34-50
2026-04-08_14-36-05,0,main.go:2026-04-08_14-36-05;pen.go:2026-04-08_14-34-50
2026-04-08_14-36-26,0,main.go:2026-04-08_14-36-26;pen.go:2026-04-08_14-34-50
2026-04-08_14-36-36,0,main.go:2026-04-08_14-36-36;pen.go:2026-04-08_14-34-50
2026-04-08_14-38-07,0,main.go:2026-04-08_14-38-07;pen.go:2026-04-08_14-34-50
2026-04-08_14-38-11,0,main.go:2026-04-08_14-38-07;pen.go:2026-04-08_14-34-50
2026-04-08_14-38-21,0,main.go:2026-04-08_14-38-21;pen.go:2026-04-08_14-34-50
2026-04-08_14-38-53,0,main.go:2026-04-08_14-38-53;pen.go:2026-04-08_14-34-50
2026-04-08_14-39-39,0,main.go:2026-04-08_14-39-39;pen.go:2026-04-08_14-34-50
2026-04-08_14-39-59,0,main.go:2026-04-08_14-39-59;pen.go:2026-04-08_14-34-50
2026-04-08_14-40-20,0,main.go:2026-04-08_14-40-20;pen.go:2026-04-08_14-34-50
2026-04-08_14-40-56,0,main.go:2026-04-08_14-40-56;pen.go:2026-04-08_14-34-50
2026-04-08_14-41-07,0,main.go:2026-04-08_14-41-07;pen.go:2026-04-08_14-34-50
2026-04-08_14-41-26,0,main.go:2026-04-08_14-41-26;pen.go:2026-04-08_14-34-50
2026-04-08_14-42-11,0,main.go:2026-04-08_14-42-11;pen.go:2026-04-08_14-34-50
2026-04-08_14-45-02,0,main.go:2026-04-08_14-45-02;pen.go:2026-04-08_14-34-50
2026-04-08_14-45-39,0,main.go:2026-04-08_14-45-39;pen.go:2026-04-08_14-34-50
2026-04-08_14-46-53,0,main.go:2026-04-08_14-46-53;pen.go:2026-04-08_14-34-50
2026-04-08_14-47-14,0,main.go:2026-04-08_14-47-14;pen.go:2026-04-08_14-34-50
2026-04-08_14-53-51,0,main.go:2026-04-08_14-53-51;pen.go:2026-04-08_14-34-50
2026-04-08_14-54-21,0,main.go:2026-04-08_14-53-51;pen.go:2026-04-08_14-34-50
2026-04-08_14-54-50,0,main.go:2026-04-08_14-54-50;pen.go:2026-04-08_14-34-50
2026-04-08_14-54-56,0,main.go:2026-04-08_14-54-56;pen.go:2026-04-08_14-34-50
2026-04-08_14-55-18,0,main.go:2026-04-08_14-55-18;pen.go:2026-04-08_14-34-50
2026-04-08_14-55-33,0,main.go:2026-04-08_14-55-33;pen.go:2026-04-08_14-34-50
2026-04-08_14-56-29,0,main.go:2026-04-08_14-55-33;pen.go:2026-04-08_14-56-29
2026-04-08_14-56-41,0,main.go:2026-04-08_14-55-33;pen.go:2026-04-08_14-56-41
2026-04-08_14-56-50,0,main.go:2026-04-08_14-55-33;pen.go:2026-04-08_14-56-50
2026-04-08_14-56-55,0,main.go:2026-04-08_14-55-33;pen.go:2026-04-08_14-56-55
2026-04-15_12-06-08,0,main.go:2026-04-08_14-55-33;pen.go:2026-04-08_14-56-55
